Timestamp,Email Address,Gym Name,Gym Website,Google Maps Link,Bouldering,Bouldering Wall Height (ft),Top Rope,Lead,Auto Belay,Rope Wall Height (ft),Campus Board,Spray Wall,Kilter Board [7x10 (Home)],Kilter Board [8x12],Kilter Board [12x12],Kilter Board [16x12],Tension Board [Tension 1 8x10 Set A],Tension Board [Tension 1 8x10 Set B],Tension Board [Tension 1 8x10 Set C],Tension Board [Tension 1 8x12 Set A],Tension Board [Tension 1 8x12 Set B],Tension Board [Tension 1 8x12 Set C],Tension Board [Tension 2 8x10 Spray],Tension Board [Tension 2 8x10 Mirror],Tension Board [Tension 2 8x12 Spray],Tension Board [Tension 2 8x12 Mirror],Tension Board [Tension 2 12x10 Spray],Tension Board [Tension 2 12x10 Mirror],Tension Board [Tension 2 12x12 Spray],Tension Board [Tension 2 12x12 Mirror],MoonBoard [MoonBoard 2016],MoonBoard [MoonBoard 2017],MoonBoard [MoonBoard 2019],MoonBoard [MoonBoard 2024],MoonBoard [MoonBoard Mini 2020],Cardio Machines,Free Weights,Weight Machines,Yoga Studio,Gym Phone Number
2/8/2024 10:18:39,gus.lipkin@gmail.com,CRG Framingham,https://centralrockgym.com/framingham/,"https://www.google.com/maps/place/Central+Rock+Gym/@42.3187001,-71.3976053,15z/data=!4m6!3m5!1s0x89e388bc62f3af3d:0xd01f8cdfc3b57caf!8m2!3d42.3187001!4d-71.3976053!16s%2Fg%2F11gf1kjydf?entry=ttu",Yes,18,No,No,No,,No,Unknown,Adjustable,,,,,,,,,,,,,,,,,,,,,,,Yes,Yes,Yes,Yes,17747775637
2/8/2024 11:00:01,gus.lipkin@gmail.com,CRG Hadley,https://centralrockgym.com/hadley/,"https://www.google.com/maps/place/Central+Rock+Gym/@42.3420669,-72.5870655,17z/data=!3m1!4b1!4m6!3m5!1s0x89e6d11a321865c1:0x24134bc7f36a19ee!8m2!3d42.3420669!4d-72.5844906!16s%2Fg%2F1v_ndjht?entry=ttu",Yes,,Yes,Yes,Yes,45,Yes,,Unknown,,,,,,,,,,,,,Unknown,,,,,,,,,,Yes,Yes,Yes,Yes,14135847625
2/15/2024 10:29:58,gus.lipkin@gmail.com,CRG Arsenal Yards,https://centralrockgym.com/arsenalyards/,"https://www.google.com/maps/place/Central+Rock+Gym/@42.3658256,-71.1880191,15z/data=!3m1!5s0x89e3782f0c80549b:0x3b6bfb1f3229de1f!4m10!1m2!2m1!1scrg+arsenal+yards!3m6!1s0x89e37945220680d1:0xe4987913f615c3e6!8m2!3d42.3621233!4d-71.1567809!15sChFjcmcgYXJzZW5hbCB5YXJkcyIDiAEBWhMiEWNyZyBhcnNlbmFsIHlhcmRzkgEUcm9ja19jbGltYmluZ19jZW50cmXgAQA!16s%2Fg%2F11t85qnk9d?entry=ttu",No,,Yes,Yes,Yes,,No,,,,,,,,,,,,,,,,,,,,,,,,,No,No,No,No,16177440876
2/15/2024 11:56:13,gus.lipkin@gmail.com,CRG North Station,https://centralrockgym.com/northstation/,"https://www.google.com/maps/place/Central+Rock+Gym/@42.356176,-71.1209971,13z/data=!4m10!1m2!2m1!1scrg+north+station!3m6!1s0x89e37109bb8e2429:0x4cd3da10c78b118c!8m2!3d42.3651059!4d-71.058902!15sChFjcmcgbm9ydGggc3RhdGlvbiIDiAEBWhMiEWNyZyBub3J0aCBzdGF0aW9ukgEUcm9ja19jbGltYmluZ19jZW50cmWaASNDaFpEU1VoTk1HOW5TMFZKUTBGblNVTlNhRjl0T1UxUkVBReABAA!16s%2Fg%2F11h632jgn1?entry=ttu",Yes,,No,No,No,,No,,,,,,,,,,,,,,,,,,,,,,,,,Yes,Yes,No,No,16172271087
2/15/2024 12:04:41,gus.lipkin@gmail.com,CRG Cambridge,https://centralrockgym.com/cambridge/,"https://www.google.com/maps/place/Central+Rock+Gym/@42.390772,-71.139885,14z/data=!3m1!5s0x89e377095fe37359:0x899686ea54611674!4m14!1m7!3m6!1s0x89e3778ec92f43cf:0x516afe5190abc995!2sCentral+Rock+Gym!8m2!3d42.3907723!4d-71.1398849!16s%2Fg%2F11sts1sw5b!3m5!1s0x89e3778ec92f43cf:0x516afe5190abc995!8m2!3d42.3907723!4d-71.1398849!16s%2Fg%2F11sts1sw5b?hl=en&entry=ttu",Yes,,No,No,No,,Yes,Unknown,,Adjustable,,,,,,,,,,,,Adjustable,,,,,Adjustable,,,,,Yes,Yes,Yes,No,16177145254
2/15/2024 12:12:28,gus.lipkin@gmail.com,CRG Fenway,https://centralrockgym.com/fenway/,"https://www.google.com/maps/place/Central+Rock+Gym/@42.347261,-71.100694,17z/data=!4m6!3m5!1s0x89e37933c1b57123:0x6d06b716294fb982!8m2!3d42.3472609!4d-71.1006936!16s%2Fg%2F11t71szgmx?hl=en&entry=ttu",Yes,,No,No,No,,No,,,,,,,,,,,,,,,,,,,,,,,,,Yes,Yes,No,No,18577534566
2/15/2024 12:16:06,gus.lipkin@gmail.com,CRG Harvard Square,https://centralrockgym.com/harvard-square/,"https://www.google.com/maps/place/Central+Rock+Gym/@42.3731581,-71.1202262,18z/data=!3m1!4b1!4m6!3m5!1s0x89e377265725427d:0x79f36988e6bf2948!8m2!3d42.3731581!4d-71.1202262!16s%2Fg%2F11s8b6xhcj?hl=en&entry=ttu",Yes,,No,No,No,,No,,,,,,,,,,,,,,,,,,,,,,,,,Yes,Yes,No,Yes,16177143024
2/15/2024 12:18:47,gus.lipkin@gmail.com,CRG Randolph,https://centralrockgym.com/randolph/,"https://www.google.com/maps/place/Central+Rock+Gym/@42.1995458,-71.0665039,17z/data=!3m1!4b1!4m6!3m5!1s0x89e4827612041f2d:0xe4cb071396a4df86!8m2!3d42.1995458!4d-71.0665039!16s%2Fg%2F11bw7d92p3?hl=en&entry=ttu",Yes,,Yes,Yes,Yes,45,Yes,,,,,,,,,,,,,,,,,,,,,,,,,Yes,Yes,Yes,Yes,17818852120
2/15/2024 12:31:14,gus.lipkin@gmail.com,CRG Stoneham,https://centralrockgym.com/stoneham/,"https://www.google.com/maps/place/Central+Rock+Gym/@42.4776725,-71.1109632,17z/data=!3m1!4b1!4m6!3m5!1s0x89e37544520ba279:0xc25aed0aebe44574!8m2!3d42.4776725!4d-71.1109632!16s%2Fg%2F11g3wy7dt9?hl=en&entry=ttu",Yes,,Yes,Yes,Yes,45,No,Unknown,,,,,Unknown,,,,,,,,,,,,,,,,,,,Yes,Yes,Yes,Yes,17814382905
2/15/2024 12:36:47,gus.lipkin@gmail.com,CRG Waltham,https://centralrockgym.com/waltham/,"https://www.google.com/maps/place/Central+Rock+Gym/@42.387366,-71.201479,17z/data=!3m1!5s0x89e39d5a9a6e04fb:0x20f7cf011f7456de!4m14!1m7!3m6!1s0x89e39d6bdf23769b:0x2615ec336ed94e41!2sCentral+Rock+Gym!8m2!3d42.3873656!4d-71.2014795!16s%2Fg%2F11fjtbhlxk!3m5!1s0x89e39d6bdf23769b:0x2615ec336ed94e41!8m2!3d42.3873656!4d-71.2014795!16s%2Fg%2F11fjtbhlxk?hl=en&entry=ttu",Yes,,No,No,No,,No,,,,,,,,,,,,,,,,,,,,,,,,,No,No,No,No,17818940874
2/15/2024 12:43:50,gus.lipkin@gmail.com,CRG Watertown,https://centralrockgym.com/watertown/,"https://www.google.com/maps/place/Central+Rock+Gym/@42.369529,-71.198658,17z/data=!4m6!3m5!1s0x89e382aed38360bb:0x6c59748670876824!8m2!3d42.3695289!4d-71.1986579!16s%2Fg%2F1hm6j478y?hl=en&entry=ttu",Yes,,Yes,Yes,Yes,48,Yes,,,,,,,,,,,,,,,,,,,,,,,,,Yes,Yes,No,Yes,16177440081
2/15/2024 12:49:52,gus.lipkin@gmail.com,CRG Worcester,https://centralrockgym.com/worcester/,"https://www.google.com/maps/place/Central+Rock+Gym/@42.29693,-71.797256,17z/data=!4m6!3m5!1s0x89e407bacdf18b41:0xe04912a5aee3eb77!8m2!3d42.2969298!4d-71.7972562!16s%2Fg%2F1tfq5nx3?hl=en&entry=ttu",Yes,,Yes,Yes,Yes,42,Yes,,,,Adjustable,,,,,,,,,,,,,,,,,,,,,Yes,Yes,No,Yes,15088527625
2/15/2024 16:04:45,gus.lipkin@gmail.com,MetroRock Everett,https://metrorock.com/everett-home,"https://www.google.com/maps/place/MetroRock+Climbing+Center/@42.4076153,-71.0774926,15z/data=!3m1!4b1!4m6!3m5!1s0x89e371142200c225:0x86658f5a7f34b222!8m2!3d42.4076158!4d-71.0671929!16s%2Fg%2F1wbrysyq?entry=ttu",Yes,,Yes,Yes,Yes,,No,,,,,,,,,,,,,,,,,,,,,,,,,Yes,Yes,No,Yes,16173877625
2/15/2024 16:08:43,gus.lipkin@gmail.com,MetroRock Newburyport,https://nbpt.metrorock.com/nbpt-home,"https://www.google.com/maps/place/MetroRock+Newburyport/@42.8022115,-70.890457,15z/data=!3m2!4b1!5s0x89e2e1bc5483c1b3:0x2fc0de1937215078!4m6!3m5!1s0x89e2e1bdab0c5e7b:0xc4bcc9ff7e6d64b0!8m2!3d42.802212!4d-70.8801573!16s%2Fg%2F1td77l5p?entry=ttu",Yes,,Yes,No,Yes,,Yes,Unknown,,,,,,,,,,,,,,,,,,,,,,,,No,No,No,No,19784997625
2/15/2024 16:14:01,gus.lipkin@gmail.com,MetroRock Vermont,https://vt.metrorock.com/vermont-home,"https://www.google.com/maps/place/MetroRock+Vermont/@44.5079394,-73.1519687,15z/data=!3m1!4b1!4m6!3m5!1s0x4cca70b4742bde51:0xb81a57995b9c3468!8m2!3d44.5079399!4d-73.141669!16s%2Fg%2F1q67h81rl?entry=ttu",Yes,,Yes,Yes,Yes,,Yes,Unknown,,,,,,,,,,,,,,,,,,,,,,,,Yes,Yes,No,Yes,18028784500
2/15/2024 16:18:59,gus.lipkin@gmail.com,MetroRock Littleton,https://littleton.metrorock.com/littleton-home,"https://www.google.com/maps/place/MetroRock+Littleton/@42.5526839,-71.482758,15z/data=!3m1!4b1!4m6!3m5!1s0x89e3975b3c3642d1:0x257b8b8fff14c98c!8m2!3d42.5526844!4d-71.4724583!16s%2Fg%2F11h0zqx11k?entry=ttu",Yes,,Yes,Yes,Yes,,No,,,,Adjustable,,,,,,,,,,,,,,,,,,,,,Yes,Yes,Yes,Yes,19789907625
2/15/2024 16:32:13,gus.lipkin@gmail.com,MetroRock Bushwick,https://bushwick.metrorock.com/bushwick-home,"https://www.google.com/maps/place/MetroRock+Bushwick/@40.7080609,-73.9203297,17z/data=!3m2!4b1!5s0x89c25ea70df20e85:0x29e3e380af58b368!4m6!3m5!1s0x89c25ea7128f5eb7:0x8ed6f0def357a2c6!8m2!3d40.7080609!4d-73.9203297!16s%2Fg%2F11c76tzn3n?entry=ttu",Yes,,Yes,Yes,Yes,,Yes,Unknown,Unknown,,,,,,,,,,,,,,,,,,,,,,,Yes,Yes,No,No,19295997625
2/15/2024 16:39:05,gus.lipkin@gmail.com,Vital Climbing Brooklyn,https://www.vitalclimbinggym.com/brooklyn,"https://www.google.com/maps/place/VITAL+Climbing+Gym+-+Brooklyn/@40.7227164,-73.9650753,15z/data=!3m1!4b1!4m6!3m5!1s0x89c259e401e31fa9:0xd06fde84754166a6!8m2!3d40.7227169!4d-73.9547756!16s%2Fg%2F11j0yvpp3c?entry=ttu",Yes,,No,No,No,,Yes,,,,Adjustable,,,,,,,,,,,,,Unknown,,,,,,,,Yes,Yes,Yes,Yes,17162208195
2/15/2024 16:51:21,gus.lipkin@gmail.com,CRG Glastonbury,https://centralrockgym.com/glastonbury/,"https://www.google.com/maps/place/Central+Rock+Gym/@41.723398,-72.582553,17z/data=!4m6!3m5!1s0x89e6510920d34bd5:0xd5654c85fc836af2!8m2!3d41.7233982!4d-72.5825534!16s%2Fg%2F12cpl36q0?hl=en&entry=ttu",Yes,,Yes,Yes,Yes,40,Yes,Unknown,,,,,,,,,,,,,,,,,,,,,,,,Yes,Yes,Yes,Yes,18606598260
2/15/2024 16:54:50,gus.lipkin@gmail.com,CRG West Hartford,https://centralrockgym.com/west-hartford/,"https://www.google.com/maps/place/Central+Rock+Gym/@41.7250814,-72.7301057,15z/data=!3m1!4b1!4m6!3m5!1s0x89e7adac3d495ad3:0xd909f314a6b4884d!8m2!3d41.7250819!4d-72.719806!16s%2Fg%2F11k9bs8z3p?entry=ttu",Yes,,No,No,No,,Yes,,,,Adjustable,,,,,,,,,,,,,,,,,,,,,Yes,Yes,Yes,Yes,18603102556